model,r2_mean,r2_std,rmse_mean,rmse_std,mae_mean,mae_std
LinearRegression,0.06104438767421296,0.023142483130131737,890.2124872922375,25.277513493350362,654.7205283033898,17.193238024866186
